121,Henry,Collins,29,Male
122,Grace,Stewart,31,Female
123,Samuel,Morris,33,Male
124,Victoria,Rogers,27,Female
125,Jack,Reed,36,Male
126,Ella,Cook,28,Female
127,Joseph,Murphy,32,Male
128,Hannah,Bell,26,Female
129,Owen,Howard,30,Male
130,Avery,Ward,35,Female
131,Eli,Foster,34,Male
132,Luna,Bailey,29,Female
133,Isaac,Jenkins,31,Male
134,Zoey,Torres,27,Female
135,Nathan,Gray,37,Male
136,Aria,Ramirez,28,Female
137,Sebastian,Russell,30,Male
138,Stella,Bryant,26,Female
139,Caleb,Sanders,33,Male
140,Madison,Price,31,Female
141,Julian,Wood,35,Male
142,Camila,Barnes,29,Female
143,Leo,Ross,32,Male
144,Penelope,Henderson,30,Female
145,Ezra,Coleman,34,Male
146,Aurora,Perry,27,Female
147,Ryan,Powell,36,Male
148,Chloe,Long,25,Female
149,Adam,Patterson,31,Male
150,Isla,Hughes,28,Female
